{
  "project_info": {
    "project_number": "452588215729",
    "firebase_url": "https://mesf-app.firebaseio.com",
    "project_id": "mesf-app",
    "storage_bucket": "mesf-app.appspot.com"
  },
  "client": [
    {
      "client_info": {
        "mobilesdk_app_id": "1:452588215729:android:97e357753439d8a354f190",
        "android_client_info": {
          "package_name": "com.dynasty.esports"
        }
      },
      "oauth_client": [
        {
          "client_id": "452588215729-sfp6ehuq7k735vbc6l48hpih0bkhonn0.apps.googleusercontent.com",
          "client_type": 3
        }
      ],
      "api_key": [
        {
          "current_key": "AIzaSyCml1F7BM9mVqzWC7ltmN9DTd0U2lGyAd4"
        }
      ],
      "services": {
        "appinvite_service": {
          "other_platform_oauth_client": [
            {
              "client_id": "452588215729-sfp6ehuq7k735vbc6l48hpih0bkhonn0.apps.googleusercontent.com",
              "client_type": 3
            }
          ]
        }
      }
    }
  ],
  "configuration_version": "1"
}